ID,Poem Name,Poem Number,Poem Line,Metaphor present or not,Count of the Metaphors,Metaphoric Terms,Metaphor Type,Source Domain,Target Domain,Interpretation,Year,Poet
1,හ‌ංස සන්දේශය,9,නිති වන රත්න රුවන් සඟු රුවන් ඇතී,yes,1,නිති වන රත්න,standard,"රත්න, මැණික්","නිති වන, විනය",විනය නැමති මැණික්,කෝට්ටේ යුගය,අවිනිශ්චිතය
2,හ‌ංස සන්දේශය,9,නිති වන රත්න දිදුලෙන් මොක් මඟන තැතී,yes,1,නිති වන රත්න,standard,"රත්න, මැණික්","නිති වන, විනය",විනය නැමති මැණික්,කෝට්ටේ යුගය,අවිනිශ්චිතය
3,හ‌ංස සන්දේශය,9,නිති වන රත්න දෙව් රජ කුල රැක පැවතී,yes,1,නිති වන රත්න,standard,"රත්න, මැණික්","නිති වන, විනය",විනය නැමති මැණික්,කෝට්ටේ යුගය,අවිනිශ්චිතය
4,හ‌ංස සන්දේශය,9,නිති සඟන වන රත්න මා හිමි හිමි සඳ පවතී,yes,1,නිති වන රත්න,standard,"රත්න, මැණික්","නිති වන, විනය",විනය නැමති මැණික්,කෝට්ටේ යුගය,අවිනිශ්චිතය
5,හ‌ංස සන්දේශය,11,"මිතුරු තුම හස්න, මුනි සස්න එහිමිහට කියන සුබ",no,0,,,,,,කෝට්ටේ යුගය,අවිනිශ්චිතය
6,හ‌ංස සන්දේශය,11,"හස්න මතු කියමි. පියදස්න, තොප මඟ පිළිවිස්න",no,0,,,,,,කෝට්ටේ යුගය,අවිනිශ්චිතය
7,හ‌ංස සන්දේශය,11,දන විස්මවන ලෙසට මෙපුරෙහි පිරි ඉසුරු සර ,no,0,,,,,,කෝට්ටේ යුගය,අවිනිශ්චිතය
8,හ‌ංස සන්දේශය,11,වනන මා තෙපුල් මිණි කොඩොල් තා සවන් සද,yes,1,තෙපුල් මිණි කොඩොල්,standard,"මැණික් ආභරණය, මිණි කොඩොල්","වචන, තෙපුල්",වචන නැමති මැණික් ආභරණය,කෝට්ටේ යුගය,අවිනිශ්චිතය
9,හ‌ංස සන්දේශය,15,අනත පිරි ඉසුරු සැපතින් වෙමින් බර,no,0,,,,,,කෝට්ටේ යුගය,අවිනිශ්චිතය
10,හ‌ංස සන්දේශය,15,අනත පෙණ මඬුලු පෙළ මැඬෙන එක වර,no,0,,,,,,කෝට්ටේ යුගය,අවිනිශ්චිතය
11,හ‌ංස සන්දේශය,15,මහත ගජන් කන්තල පවනින් පැහැර,yes,1,ගජන් කන්තල පවනින්,standard,"ගජන් කන්තල, ඇතුන් කන්පොට ගැසීම","පවන, සුළඟ",ඇතුන් කන්පොට ගැසීමෙන් හමන සුළඟ,කෝට්ටේ යුගය,අවිනිශ්චිතය
12,හ‌ංස සන්දේශය,15,වියත වැනෙන දද තින් හැම්මෙයි මෙපුර,yes,1,දද තින්,standard,"කොඩි, දද","අතින්, අත්වලින්",කොඩි නැම්ති අත්වලින්,කෝට්ටේ යුගය,අවිනිශ්චිතය
13,හ‌ංස සන්දේශය,18,මිණ බඳ සඳලුවල පිළිබිඹුව දිසි සඳ,no,0,,,,,,කෝට්ටේ යුගය,අවිනිශ්චිතය
14,හ‌ංස සන්දේශය,18,වත සඳ සිරින් තම දිනුවයි මෙපුර ළඳ,yes,1,වත සඳ,standard,"සඳ, චන්ද්‍රයා","වත, මුහුණ",මුහුණ නමැති චන්ද්‍රයා,කෝට්ටේ යුගය,අවිනිශ්චිතය
15,හ‌ංස සන්දේශය,18,නුබ මැද හිසර හැර තුරු සෙන් ගෙන නොමඳ,yes,1,තුරු සෙන්,mixed ,"සෙන්, සේනාව","තුරු, තරු",තරු නමැති සේනාව,කෝට්ටේ යුගය,අවිනිශ්චිතය
16,හ‌ංස සන්දේශය,18,යුද අද හසින් සිටිනා වැනි මෙපුර වැඳ,no,0,,,,,,කෝට්ටේ යුගය,අවිනිශ්චිතය
17,හ‌ංස සන්දේශය,19,රුවන් පහ කවුළුවෙන් පෙනෙන පුරඟන,no,0,,,,,,කෝට්ටේ යුගය,අවිනිශ්චිතය
18,හ‌ංස සන්දේශය,19,වුවන් සඳ ද සඳ මඬල ද දිසි ගුවන,yes,1,වුවන් සඳ,standard,"සඳ, චන්ද්‍රයා","වුවන්, මුහුණ",මුහුණ නමැති චන්ද්‍රයා,කෝට්ටේ යුගය,අවිනිශ්චිතය
19,හ‌ංස සන්දේශය,19,නුවන් පුරා දකිමින් දෙකම එක තරන,no,0,,,,,,කෝට්ටේ යුගය,අවිනිශ්චිතය
20,හ‌ංස සන්දේශය,19,ලෙවන් සිත සතුටු වෙයි උවමට කියන,no,0,,,,,,කෝට්ටේ යුගය,අවිනිශ්චිතය
21,හ‌ංස සන්දේශය,20,මිණි නිල් කැරැල්ලෙන් නැඟි රැස් නුබ වැසිය,yes,1,මිණි නිල් කැරැල්ලෙන්,standard,"මිණි නිල්, නිල් මැණික්","කැරැල්ල, කොත",නිල් මැණික් කොතින්,කෝට්ටේ යුගය,අවිනිශ්චිතය
22,හ‌ංස සන්දේශය,20,ලෙලරන් කෙහෙල්ලෙන් පැහැ විදුලි ගැවැසිය,yes,1,රන් කෙහෙල්ලෙන් පැහැ විදුලි,mixed ,"රන් කෙහෙල්ලෙන්, රත්තරන් කොඩි","පැහැ විදුලි, විදුලියෙහි ප්‍රභාව",රත්තරන් කොඩිවලින් විදුලියෙහි ප්‍රභාව,කෝට්ටේ යුගය,අවිනිශ්චිතය
23,හ‌ංස සන්දේශය,20,ගජනත් පිහිල්ලෙන් හෙන දිය හැලි වැසිය,yes,1,ගජනත් පිහිල්ලෙන්,standard,"ගජනත්, ඇතුන්ගේ සොඬ","පිහිල්ල, පීලී",ඇතුන්ගේ සොඬ නමැති පීලිවලින්,කෝට්ටේ යුගය,අවිනිශ්චිතය
24,හ‌ංස සන්දේශය,20,නිති මේ සියල්ලෙන් තුටුවන පුර වැසිය,no,0,,,,,,කෝට්ටේ යුගය,අවිනිශ්චිතය
25,හ‌ංස සන්දේශය,22,නෙතිනිඳු වර වතිනිඳු සිරි දුරු කෙරෙති,yes,2,නෙතිනිඳු වර,standard,"ඉඳුවර, නිල් මානෙල්","නෙත්, ඇස්",ඇස්වලින් නිල් මානෙල් මල්,කෝට්ටේ යුගය,අවිනිශ්චිතය
26,හ‌ංස සන්දේශය,22,නෙතිනිඳු වර වතිනිඳු සිරි දුරු කෙරෙති,yes,2,වතිනිඳු සිරි,standard,"ඉඳුසිරි, චන්ද්‍රයාගේ ශෝභාව","වත, මුහුණ",මුහුණින් චන්ද්‍රයාගේ ශෝභාව,කෝට්ටේ යුගය,අවිනිශ්චිතය
27,හ‌ංස සන්දේශය,22,ගතිනිඳු පුර සුරඟන රුව පරදවති,yes,1,ගතිනිඳු පුර සුරඟන,standard,"ඉඳුපුර සුරඟන, තව්තිසාවේ වෙසෙන දෙවඟන","ගත, සිරුර",සිරුරින් තව්තිසාවේ වෙසෙන දෙවඟන,කෝට්ටේ යුගය,අවිනිශ්චිතය
28,හ‌ංස සන්දේශය,22,සසිනිඳු තුනු පහසින් සත ගැති කෙරෙති,no,0,,,,,,කෝට්ටේ යුගය,අවිනිශ්චිතය
29,හ‌ංස සන්දේශය,22,පරසිඳු පුරඟන රුව කවුරු පවසති,no,0,,,,,,කෝට්ටේ යුගය,අවිනිශ්චිතය
30,හ‌ංස සන්දේශය,26,උයන් වතු කමල් විල් අවට උදු ලිය,no,0,,,,,,කෝට්ටේ යුගය,අවිනිශ්චිතය
31,හ‌ංස සන්දේශය,26,රුවින් බැබලි සුරඟන අයුරු පිය ලිය,no,0,,,,,,කෝට්ටේ යුගය,අවිනිශ්චිතය
32,හ‌ංස සන්දේශය,26,ලෙවන් සතුටු වන සව් සිරිම ඉසි ලිය,no,0,,,,,,කෝට්ටේ යුගය,අවිනිශ්චිතය
33,හ‌ංස සන්දේශය,26,මෙයින් මෙපුර පුරඳර පුර සිරි සි ලිය,yes,1,මෙපුර පුරඳර පුර,standard,"පුරඳර පුර, ශක්‍රයා ගේ පුරය","මෙපුර, මේ නුවර ",මේ නුවර ශක්‍රයා ගේ පුරය,කෝට්ටේ යුගය,අවිනිශ්චිතය
34,හ‌ංස සන්දේශය,28,සතර දිගත යස හර ලම්බා පුරුදු,yes,1,යස හර,standard,"හර, මුතුමාලය","යස, කීර්තිය",කීර්තිය නැමති මුතුමාලය,කෝට්ටේ යුගය,අවිනිශ්චිතය
35,හ‌ංස සන්දේශය,28,ළකර රුපුන් ජය ගෙන පුම්බා විරුදු,no,0,,,,,,කෝට්ටේ යුගය,අවිනිශ්චිතය
36,හ‌ංස සන්දේශය,28,නොහැර වෙතම කර දෙරණම්බා සිරිදු,yes,1,දෙරණම්බා,standard,"අම්බා, කාන්තාව","දෙරණ, පොළොව",පොළොව නැමති කාන්තාව,කෝට්ටේ යුගය,අවිනිශ්චිතය
37,හ‌ංස සන්දේශය,28,නිතොර වැජඹි සිරි පැරකුම්බා නිරිඳු,no,0,,,,,,කෝට්ටේ යුගය,අවිනිශ්චිතය
38,හ‌ංස සන්දේශය,29,තවද ආඛලා ඛණ්ඩ ගුණසන්ඩ මණ්ඩිත පණ්ඩිත,no,0,,,,,,කෝට්ටේ යුගය,අවිනිශ්චිතය
39,හ‌ංස සන්දේශය,29,ජන පුණ්ඩරික මාර්තණ්ඩලෝද්ගත භූමණ්ඩ ලේශ්වර  ,yes,1,ජන පුණ්ඩරික,standard,"පුණ්ඩරික, සුදු නෙළුම්","ජන, ජනයා",ජනයා නැමති සුදුනෙළුම්,කෝට්ටේ යුගය,අවිනිශ්චිතය
40,හ‌ංස සන්දේශය,29,පරාක්‍රමබාහු නරෙශ්වරයාගේ මෙ ද එක් වර්ණ,no,0,,,,,,කෝට්ටේ යුගය,අවිනිශ්චිතය
41,හ‌ංස සන්දේශය,29,"භාෂණයෙක, එ දතා කර්ණ භූෂණය කර,",no,0,,,,,,කෝට්ටේ යුගය,අවිනිශ්චිතය
42,හ‌ංස සන්දේශය,30,සිත් නීතියෙන් මුනි පුදයට නමා ලිය,no,0,,,,,,කෝට්ටේ යුගය,අවිනිශ්චිතය
43,හ‌ංස සන්දේශය,30,සත් ගුණයෙන් සව් ව්සත සිත අමා ලිය,no,0,,,,,,කෝට්ටේ යුගය,අවිනිශ්චිතය
44,හ‌ංස සන්දේශය,30,ගත් විකුමෙන් රුපු නිරිඳුන් දමා ලිය,no,0,,,,,,කෝට්ටේ යුගය,අවිනිශ්චිතය
45,හ‌ංස සන්දේශය,30,මෙත් සිසිලෙන් මුළු තෙදියත තෙමා ලිය,yes,1,මෙත් සිසිලෙන්,,"සිසිල, දියර","මෙත්, මෛත්‍රිය",මෛත්‍රිය නැමති දියරින්,කෝට්ටේ යුගය,අවිනිශ්චිතය
46,හ‌ංස සන්දේශය,31,මනුරද සිරිත් සත සිත සිත ඇඳ ලීය,no,0,,,,,,කෝට්ටේ යුගය,අවිනිශ්චිතය
47,හ‌ංස සන්දේශය,31,මනනඳ රුසිරඳන ලිය ඇස ඇස ලීය,yes,1,රුසිරඳන,standard,"අඳන, අඳුන","රුසිරි, රූපශ්‍රීය",රූසිරි නැමති අඳුන,කෝට්ටේ යුගය,අවිනිශ්චිතය
48,හ‌ංස සන්දේශය,31,පිරිසිඳ නැණින් සත් වග දුක් දුර ලීය,no,0,,,,,,කෝට්ටේ යුගය,අවිනිශ්චිතය
49,හ‌ංස සන්දේශය,31,ඇම සඳ මෙ රද බෝසත් සිරි ඉසි ලීය,no,0,,,,,,කෝට්ටේ යුගය,අවිනිශ්චිතය
50,හ‌ංස සන්දේශය,32,රුපු සයුරට කග මෙර මත කොට තැ කිය,yes,1,රුපු සයුර,standard,"සයුර, සාගරය","රුපු, සතුරන්",සතුරන් නැමති සාගරය,කෝට්ටේ යුගය,අවිනිශ්චිතය
51,හ‌ංස සන්දේශය,32,තද යුදයට වැද මඳකුත් නොවැළ කිය,no,0,,,,,,කෝට්ටේ යුගය,අවිනිශ්චිතය
52,හ‌ංස සන්දේශය,32,තම විකුමට සරි නිරිඳකු නොසැල කිය,no,0,,,,,,කෝට්ටේ යුගය,අවිනිශ්චිතය
53,හ‌ංස සන්දේශය,32,නිති මුළු රට සත සිය සක් ලෙස රැ කිය,no,0,,,,,,කෝට්ටේ යුගය,අවිනිශ්චිතය
54,හ‌ංස සන්දේශය,40,ක ර වා පසඟඟ තුරු ගොස රණ බිමට බැ ස,no,0,,,,,,කෝට්ටේ යුගය,අවිනිශ්චිතය
55,හ‌ංස සන්දේශය,40,ත ද වා සිපත ගෙන සහ රුපු රදුන් ය ස,no,0,,,,,,කෝට්ටේ යුගය,අවිනිශ්චිතය
56,හ‌ංස සන්දේශය,40,ලෙළවා ඔවුන් හදවත් සමගින් පලි ස,no,0,,,,,,කෝට්ටේ යුගය,අවිනිශ්චිතය
57,හ‌ංස සන්දේශය,40,මොළවා උනඹුවන ළෙයි සෝක ගිනි රෑ ස,yes,1,සෝක ගිනි,standard,"ගිනි, ගින්දර","සෝක, ශෝකය",ශෝකය නැමති ගින්දර,කෝට්ටේ යුගය,අවිනිශ්චිතය
58,හ‌ංස සන්දේශය,42,රණවා පිය ලෙහෙ වතුරෙන් ගත් තරඟ,yes,2,රණ වාපිය,standard,"වාපිය, වැව","රණ, යුද්ධය",යුද්ධය නමැති වැව,කෝට්ටේ යුගය,අවිනිශ්චිතය
59,හ‌ංස සන්දේශය,42,රණවා පිය ලෙහෙ වතුරෙන් ගත් තරඟ,yes,2,ලෙහෙ වතුරෙන්,dead,වතුර,"ලෙහෙ, ලේ",ලේ වතුර,කෝට්ටේ යුගය,අවිනිශ්චිතය
60,හ‌ංස සන්දේශය,42,පුරවා පිය සොන් සිවලුන් සිත් සමඟ,no,0,,,,,,කෝට්ටේ යුගය,අවිනිශ්චිතය
61,හ‌ංස සන්දේශය,42,කරවා පිය අඟනන් සිත් විරහ ගඟ,yes,1,විරහ ගඟ,standard,"ගඟ, ගංගාව","විරහ, සිත් වියෝගය",සිත් වියෝගය නමැති ගංගාව,කෝට්ටේ යුගය,අවිනිශ්චිතය
62,හ‌ංස සන්දේශය,42,බඳවා පිය ජය දද අට දිගු යටඟ,yes,1,අට දිගු යටඟ,standard,"යටඟ, පරාල","අට දිගු, දිසා අට",දිසා අට නමැති පරාල,කෝට්ටේ යුගය,අවිනිශ්චිතය
63,හ‌ංස සන්දේශය,43,තැවී යදැල් බිඳ නැඟි ගිනි කඳේ යිදී,no,0,,,,,,කෝට්ටේ යුගය,අවිනිශ්චිතය
64,හ‌ංස සන්දේශය,43,පෙවී පණ සිපත මදැතුන් බඳේ යිදී,no,0,,,,,,කෝට්ටේ යුගය,අවිනිශ්චිතය
65,හ‌ංස සන්දේශය,43,ලැවී ඔප කගින් කගවන් යුදේ යිදී,no,0,,,,,,කෝට්ටේ යුගය,අවිනිශ්චිතය
66,හ‌ංස සන්දේශය,43,නිවී රුපුන් වියොගින් සුර මැදේ යිදී,yes,1,වියොගින් ,standard,ගින්න,"වියෝව, ශෝකය","වියෝ ගින්න, ශෝකය නැමති ගින්දර",කෝට්ටේ යුගය,අවිනිශ්චිතය
67,හ‌ංස සන්දේශය,44,දළ පැරැකුම් රජ සුර තුරෙක රිවි ගො ත,yes,1,පැරැකුම් රජ සුර තුර,standard,"සුර තුර, දිව්‍ය වෘක්ෂය","පැරැකුම් රජ, පරාක්‍රමබාහු රජතුමා",පරාක්‍රමබාහු රජතුමා දිව්‍ය වෘක්ෂය,කෝට්ටේ යුගය,අවිනිශ්චිතය
68,හ‌ංස සන්දේශය,44,දුළ බුවනෙක බුජ කප් තුර එයින් ප ත,yes,1,බුවනෙක බුජ කප් තුර,standard,"කප් තුර, කල්ප වෘක්ෂය","බුවනෙක බුජ, බුවනෙකබාහු",බුවනෙකබාහු නමැති කල්ප වෘක්ෂය,කෝට්ටේ යුගය,අවිනිශ්චිතය
69,හ‌ංස සන්දේශය,44,යළ මෙ නිරිඳු එහි කඳ සිරි ගත දිමු ත,yes,1,මෙ නිරිඳු එහි කඳ,standard,එහි කඳ,"මෙ නිරිඳු, මේ රජතුමා",මේ රජතුමා එහි කඳ,කෝට්ටේ යුගය,අවිනිශ්චිතය
70,හ‌ංස සන්දේශය,44,පැළ ඉන් ඇතිව වැඩෙනුය මෙ සිරිලක් කෙ ත,yes,1,සිරිලක් කෙත,standard,"කෙත, කුඹුර","සිරිලක, ශ්‍රී ලංකාව",ශ්‍රී ලංකාව නමැති කුඹුර,කෝට්ටේ යුගය,අවිනිශ්චිතය
71,හ‌ංස සන්දේශය,45,මෙ නිරිඳු ගුණ මහිම හිම සඳන සඳ තවරා,yes,1,ගුණ මහිම හිම සඳන,standard,"හිම සඳන, සිහිල් සඳුන් අලේපය","ගුණ මහිම, ගුණ මහිමය",ගුණ මහිමය නමැති සිහිල් සඳුන් අලේපය,කෝට්ටේ යුගය,අවිනිශ්චිතය
72,හ‌ංස සන්දේශය,45,සිදු කරණ ලෙස අදහස තොර නොකර අද අදරින්,no,0,,,,,,කෝට්ටේ යුගය,අවිනිශ්චිතය
73,හ‌ංස සන්දේශය,48,සත සිත ලෙසින් ගත -සන හා සුවඳ සිසිලෙන්,no,0,,,,,,කෝට්ටේ යුගය,අවිනිශ්චිතය
74,හ‌ංස සන්දේශය,48,කඩා රැගත් රුපු රද යස දුහුල් බදු,yes,1,යස දුහුල්,standard,"දුහුල්, පටසළු","යස, කීර්තිය",කීර්තිය නැමති පටසළු,කෝට්ටේ යුගය,අවිනිශ්චිතය
75,හ‌ංස සන්දේශය,48,වඩා සිනිඳු මුසු සුදු කළු සුපිරිසිදු,no,0,,,,,,කෝට්ටේ යුගය,අවිනිශ්චිතය
76,හ‌ංස සන්දේශය,48,කැටි කළ රිවි කිරණ - පැටි කළ පැළැඳි අබරණ,no,0,,,,,,කෝට්ටේ යුගය,අවිනිශ්චිතය
77,හ‌ංස සන්දේශය,48,නිකුත් සිරිඳු මෙන් සුර ගඟ තරඟ පිටින්,yes,1,සුර ගඟ,standard,"ගඟ, ගංගාව","සුර, ආකාශය, අහස",ආකාශ ගංගාව,කෝට්ටේ යුගය,අවිනිශ්චිතය
78,හ‌ංස සන්දේශය,48,අවුත් උදුල පිවිතුරු පිය විලිය පිටින්,no,0,,,,,,කෝට්ටේ යුගය,අවිනිශ්චිතය
79,හ‌ංස සන්දේශය,54,නොව සසලේ දැන අය වැය ද මේ සැටි ත්,no,0,,,,,,කෝට්ටේ යුගය,අවිනිශ්චිතය
80,හ‌ංස සන්දේශය,54,සඳ සසලේ ලෙස එකතුව නොපෑ පිටි ත්,no,0,,,,,,කෝට්ටේ යුගය,අවිනිශ්චිතය
81,හ‌ංස සන්දේශය,54,මුව කමලේ බොරු නොවකා සිතේ ළෙටි ත් ,yes,1,මුව කමලේ,standard,"කමල, නෙලුම් මල","මුව, මුහුණ",මුහුණ නමැති නෙලුම් මල,කෝට්ටේ යුගය,අවිනිශ්චිතය
82,හ‌ංස සන්දේශය,54,අර මුදලේ ලේකම් මුදලිවරු සිටි ත්,no,0,,,,,,කෝට්ටේ යුගය,අවිනිශ්චිතය
83,හ‌ංස සන්දේශය,60,දිනිඳුන් කිරණ මෙන් මැතිමුව සියපත ට,yes,1,මුව සියපත,standard,"සියපත, නෙලුම් මල","මුව, මුහුණ",මුහුණ නමැති නෙලුම් මල,කෝට්ටේ යුගය,අවිනිශ්චිතය
84,හ‌ංස සන්දේශය,60,යළිඳුන් රහස් යටි වන් රජු සවනත ට,no,0,,,,,,කෝට්ටේ යුගය,අවිනිශ්චිතය
85,හ‌ංස සන්දේශය,60,කොඩොලින් නික්ම මිනි රැස් පැතිරෙයි අව ට,no,0,,,,,,කෝට්ටේ යුගය,අවිනිශ්චිතය
86,හ‌ංස සන්දේශය,60,වන මෙන් පහන් වෙයි එම කිරණත ස තිස ට,no,0,,,,,,කෝට්ටේ යුගය,අවිනිශ්චිතය
87,හ‌ංස සන්දේශය,63,තුසර තුසර කර සිහිලස කැරැ ඉක් ම ,no,0,,,,,,කෝට්ටේ යුගය,අවිනිශ්චිතය
88,හ‌ංස සන්දේශය,63,අඹර තඹර කර දිනකර එන තෙක් ම,yes,1,අඹර තඹරකර,,"තඹරකර, නෙලුම් විල",අහස ,අහස නමැති නෙලුම් විල,කෝට්ටේ යුගය,අවිනිශ්චිතය
89,හ‌ංස සන්දේශය,63,බැහැර නොහැර සිත සිහි කර පිරිතක් ම,no,0,,,,,,කෝට්ටේ යුගය,අවිනිශ්චිතය
90,හ‌ංස සන්දේශය,63,තිසර තිසර මමිතුර මෙපුරෙන් නික් ම,no,0,,,,,,කෝට්ටේ යුගය,අවිනිශ්චිතය
91,හ‌ංස සන්දේශය,64,සුපිපි කමල් මහනෙල් පෙති ඇතිරි පි ට,yes,1,කමල් මහනෙල් පෙති ඇතිරි,standard,"ඇතිරි, ඇතිරිලි","කමල් මහනෙල් පෙති, නෙලුම් හා මහනෙල් මල් පෙති",නෙලුම් හා මහනෙල් මල් පෙති නමැති ඇතිරිලි,කෝට්ටේ යුගය,අවිනිශ්චිතය
92,හ‌ංස සන්දේශය,64,හුන් බිඟුදැල් එන නිල් බිජුවට රඟ ට,no,0,,,,,,කෝට්ටේ යුගය,අවිනිශ්චිතය
93,හ‌ංස සන්දේශය,64,දිසි මනකල් වහසල් දොර ඉදිරි පි ට,no,0,,,,,,කෝට්ටේ යුගය,අවිනිශ්චිතය
94,හ‌ංස සන්දේශය,64,සිට මඳ කල් සුවිසල් කොන්තගංතො ට,no,0,,,,,,කෝට්ටේ යුගය,අවිනිශ්චිතය
95,හ‌ංස සන්දේශය,79,එළි කළ අවට රන් කොත් පහ මුදුන්නේ,no,0,,,,,,කෝට්ටේ යුගය,අවිනිශ්චිතය
96,හ‌ංස සන්දේශය,79,බැඳහළ නෙතිගු යටගෙයි දද වැනෙන්නේ,yes,1,නෙතිගු යටගෙයි දද,standard,"නෙතිගු, නොයෙක් දිශා","යටගෙයි දද, කොඩි මිට අග",නොයෙක් දිශා නමැති කොඩි මිට අග,කෝට්ටේ යුගය,අවිනිශ්චිතය
97,හ‌ංස සන්දේශය,79,පැහැදුළ නොයෙක පහ පෙළ ගඟැ පෙනෙන්නේ,no,0,,,,,,කෝට්ටේ යුගය,අවිනිශ්චිතය
98,හ‌ංස සන්දේශය,79,ගඟ තුළ උදුළ පුර වැනි නා රජුන්නේ,no,0,,,,,,කෝට්ටේ යුගය,අවිනිශ්චිතය
99,හ‌ංස සන්දේශය,99,ඇදගෙන සිහිල් මඳනල දිය දහර හෙ ත,no,0,,,,,,කෝට්ටේ යුගය,අවිනිශ්චිතය
100,හ‌ංස සන්දේශය,99,විල ඟන බියෙන් දිලි නිලුපුල් ඇස් වස ත,yes,1,විල ඟන,standard,විල,"අඟන, කාන්තාව",විල නමැති කාන්තාව,කෝට්ටේ යුගය,අවිනිශ්චිතය
101,හ‌ංස සන්දේශය,99,විල ඟන බියෙන් දිලි නිලුපුල් ඇස් වස ත,yes,1,නිලුපුල් ඇස්,standard,"නිලුපුල්, නිල් මානෙල්",ඇස්,නිල් මානෙල් නමැති ඇස්,කෝට්ටේ යුගය,අවිනිශ්චිතය
102,හ‌ංස සන්දේශය,99,අසු ව න සලෙළුවන් මෙන් පරඟනන් වෙ ත,no,0,,,,,,කෝට්ටේ යුගය,අවිනිශ්චිතය
103,හ‌ංස සන්දේශය,99,හැකිලෙන පියුම් ගම බමරුන් බැස බැඳෙ ත,no,0,,,,,,කෝට්ටේ යුගය,අවිනිශ්චිතය
104,හ‌ංස සන්දේශය,101,මඳනල සබඳ සඳවෙල ගිනි දැල් නොමඳ,yes,1,සඳවෙල ගිනි දැල්,standard,ගිනි දැල්,"සඳවෙල, වලාකුළු",වලාකුළු නමැති ගිනි දැල්,කෝට්ටේ යුගය,අවිනිශ්චිතය
105,හ‌ංස සන්දේශය,101,වැද වැද පිපිර හුණු තුරු බිජු මෙන් එසඳ,no,0,,,,,,කෝට්ටේ යුගය,අවිනිශ්චිතය
106,හ‌ංස සන්දේශය,101,රොද බැඳ රොනැර ගෙන යන බමර මුළු වැද,no,0,,,,,,කෝට්ටේ යුගය,අවිනිශ්චිතය
107,හ‌ංස සන්දේශය,101,කොඳ වන පිපෙන රඟ බල හැම තැන සබඳ,no,0,,,,,,කෝට්ටේ යුගය,අවිනිශ්චිතය
108,හ‌ංස සන්දේශය,104,සුනෙර මතින් අළලන සඳ කිරි සයු ර,yes,1,සුනෙර මතින්,standard,"මතින්, පත් හැන්ද","සුනෙර, මහ මේරු පර්වතය",මහ මේරු පර්වතය නමැති පත් හැන්ද,කෝට්ටේ යුගය,අවිනිශ්චිතය
109,හ‌ංස සන්දේශය,104,ඉතිර වෙරළ දිව යන මෙන් රළ සත ර,no,0,,,,,,කෝට්ටේ යුගය,අවිනිශ්චිතය
110,හ‌ංස සන්දේශය,104,පැතිර උදය ගිර සිරසින් දිලි නොහැ ර,no,0,,,,,,කෝට්ටේ යුගය,අවිනිශ්චිතය
111,හ‌ංස සන්දේශය,104,මිතුර බලා ලව එන සඳ රැස් වතු ර,no,0,,,,,,කෝට්ටේ යුගය,අවිනිශ්චිතය
112,හ‌ංස සන්දේශය,113,බිඳ සතුරන් ජය සිරි දී වරින් ව ර,no,0,,,,,,කෝට්ටේ යුගය,අවිනිශ්චිතය
113,හ‌ංස සන්දේශය,113,ලද ගම්බිම් ගජ හය සෙනඟ පිරිව ර,no,0,,,,,,කෝට්ටේ යුගය,අවිනිශ්චිතය
114,හ‌ංස සන්දේශය,113,වැඳ විබීසණ සුරිඳුගේ සිරිපා තඹ ර,yes,1,සිරිපා තඹර,standard,"තඹර, නෙලුම් මල","සිරිපා, ශ්‍රී පාද",ශ්‍රී පාද නමැති නෙලුම් මල,කෝට්ටේ යුගය,අවිනිශ්චිතය
115,හ‌ංස සන්දේශය,113,නද පියකර තෙපුලෙන් මෙලෙස සැළක ර,no,0,,,,,,කෝට්ටේ යුගය,අවිනිශ්චිතය
116,හ‌ංස සන්දේශය,115,පැළඳ තිසරණ මිණි අබරණ තමා මුදුනෙහි ,yes,1,තිසරණ මිණි අබරණ,standard,"මිණි අබරණ, මැණික් ආභරණ","තිසරණ, ත්‍රිවිධ රත්නය",ත්‍රිවිධ රත්නය නමැති මැණික් ආභරණ,කෝට්ටේ යුගය,අවිනිශ්චිතය
117,හ‌ංස සන්දේශය,115,නිසග සොමි ගුණෙන් පසු කළ සුපුන් සඳුන්,no,0,,,,,,කෝට්ටේ යුගය,අවිනිශ්චිතය
118,හ‌ංස සන්දේශය,115,සමඟ මෙ නරනිඳුගේ අග බිසෝ ළඳුන්,no,0,,,,,,කෝට්ටේ යුගය,අවිනිශ්චිතය
119,හ‌ංස සන්දේශය,115,මතු රජ සිරි ලබන මනුරද සිරිනි මන නඳ,no,0,,,,,,කෝට්ටේ යුගය,අවිනිශ්චිතය
120,හ‌ංස සන්දේශය,119,පැල හිඳුවත සිසි සස්කර අහස් කෙ ත,yes,2,සිසි සස්කර,standard,"සස්කර, ගොවියා ","සිසි, චන්ද්‍රයා",චන්ද්‍රයා නමැති ගොවියා ,කෝට්ටේ යුගය,අවිනිශ්චිතය
121,හ‌ංස සන්දේශය,119,පැල හිඳුවත සිසි සස්කර අහස් කෙ ත,yes,2,අහස් කෙත,standard,"කෙත,  කුඹුර","අහස, ආකාශය",ආකාශය නමැති කුඹුර,කෝට්ටේ යුගය,අවිනිශ්චිතය
122,හ‌ංස සන්දේශය,119,දුළ සපු වත මිණි මුතු වන කොඳ වන ත,no,0,,,,,,කෝට්ටේ යුගය,අවිනිශ්චිතය
123,හ‌ංස සන්දේශය,119,නිල කරවත තුනු පැහැයෙන් ගිරි රඟ ත,no,0,,,,,,කෝට්ටේ යුගය,අවිනිශ්චිතය
124,හ‌ංස සන්දේශය,119,උණු කරවත දස සත කිරණින් දිග ත,no,0,,,,,,කෝට්ටේ යුගය,අවිනිශ්චිතය
125,හ‌ංස සන්දේශය,126,මිහිලොල් බිඟු සරේය වන ස රේය,no,0,,,,,,කෝට්ටේ යුගය,අවිනිශ්චිතය
126,හ‌ංස සන්දේශය,126,ගඟුලැල් වැද සිරේය ගිරි සි රේය,no,0,,,,,,කෝට්ටේ යුගය,අවිනිශ්චිතය
127,හ‌ංස සන්දේශය,126,පිපිමල් සපුතුරේය විසිතු රේය,no,0,,,,,,කෝට්ටේ යුගය,අවිනිශ්චිතය
128,හ‌ංස සන්දේශය,126,වනකල් සඳ කෙරේය ලොබ කෙ රේය,yes,1,වන කල්සඳ,standard,"කල්සඳ, උතුම් කාන්තාව","වන, වනය",වනය නමැති උතුම් කාන්තාව,කෝට්ටේ යුගය,අවිනිශ්චිතය
129,හ‌ංස සන්දේශය,127,ගිරි නිල් මල්රඟාය පිල්න ඟාය,no,0,,,,,,කෝට්ටේ යුගය,අවිනිශ්චිතය
130,හ‌ංස සන්දේශය,127,කැරැ සෙබඩුන් ළඟාය මන රඟාය,no,0,,,,,,කෝට්ටේ යුගය,අවිනිශ්චිතය
131,හ‌ංස සන්දේශය,127,රිවි දෙව් හට රඟාය ගිරි රඟාය,yes,1,රිවි දෙව්,standard,"දෙව්, දෙවියන්","රිවි, හිරු",හිරු දෙවියන්,කෝට්ටේ යුගය,අවිනිශ්චිතය
132,හ‌ංස සන්දේශය,127,සිටි මොනරුන් මඟාය වන මඟාය,no,0,,,,,,කෝට්ටේ යුගය,අවිනිශ්චිතය
133,හ‌ංස සන්දේශය,129,පැතිරෙන ගගුලැලී ලෙල තුරු සළු සිලී,yes,1,ගගුලැලී ලෙල තුරු සළු,standard,"ලෙල තුරු සළු, සැලෙන උතුරු සළු","ගගුලැලී, දිය ඇලි",දිය ඇලි නමැති සැලෙන උතුරු සළු,කෝට්ටේ යුගය,අවිනිශ්චිතය
134,හ‌ංස සන්දේශය,129,කසමල් හෙල්මැලී මිණි බරණින් දීලී,yes,1,කසමල් හෙල්මැලී මිණි බරණින්,standard,"මිණි බරණ, මැණික් ආභරණ","කසමල් හෙල්මැලී, කස මල් හා ඕලු මල්",කස මල් හා ඕලු මල් නමැති මැණික් ආභරණ,කෝට්ටේ යුගය,අවිනිශ්චිතය
135,හ‌ංස සන්දේශය,129,රන හස වැළ කුළි බද මිණි මේ කලී,yes,1,රන හස වැළ කුළි බද මිණි මේ කලී,standard,"කුළි බද මිණි මේ කලී, උකුළෙහි බඳින මණි මෙවුල","රන හස වැළ, රණ හංස පංතිය",රණ හංස පංතිය නමැති උකුළෙහි බඳින මණි මෙවුල,කෝට්ටේ යුගය,අවිනිශ්චිතය
136,හ‌ංස සන්දේශය,129,විලසක ලෙස බලී බල සැදි වන වීලී,no,0,,,,,,කෝට්ටේ යුගය,අවිනිශ්චිතය
137,හ‌ංස සන්දේශය,131,වුවන කමල් ගතා රනලිය සිරි ග තා,yes,2,වුවන කමල්,standard,"කමල්, නෙලුම් මල්","වුවන, මුහුණ",මුහුණ නමැති නෙලුම් මල්,කෝට්ටේ යුගය,අවිනිශ්චිතය
138,හ‌ංස සන්දේශය,131,වුවන කමල් ගතා රනලිය සිරි ග තා,yes,2,ගතා රනලිය,standard,"ගත, ශරීරය","රනලිය, රන් වැල්",ශරීරය නමැති රන් වැල්,කෝට්ටේ යුගය,අවිනිශ්චිතය
139,හ‌ංස සන්දේශය,131,අඩ සඳ නළලතා බඳ මල් මුතු ල තා,yes,1,අඩ සඳ නළල,standard,අඩ සඳ,නළල,නළල නමැති අඬ සඳ,කෝට්ටේ යුගය,අවිනිශ්චිතය
140,හ‌ංස සන්දේශය,131,වියොවග යුද පතා ඇවිදින නිති ප තා,no,0,,,,,,කෝට්ටේ යුගය,අවිනිශ්චිතය
141,හ‌ංස සන්දේශය,131,දැක වනසර කතා අස පිය රස ක තා,no,0,,,,,,කෝට්ටේ යුගය,අවිනිශ්චිතය
142,හ‌ංස සන්දේශය,144,රැඳී ගුවන් කල කිරි වලා සුනුවමින් හෙළ සිරිසුලා වන හිසින් ,yes,1,කිරි වලා වන හිසින් ,,"වන හිසින්, කැලෑ මුදුනින්","කිරි වලා, සුදු වළාකුළු",සුදු වළාකුළු නමැති කැලෑ මුදුනින්,කෝට්ටේ යුගය,අවිනිශ්චිතය
143,හ‌ංස සන්දේශය,144,මඳ පවන ලා එන පහත් ලොද රොන් බලා,no,0,,,,,,කෝට්ටේ යුගය,අවිනිශ්චිතය
144,හ‌ංස සන්දේශය,145,දිලි ගඟුල් හැලි ඔසරි ලා,yes,1,ගඟුල් හැලි ඔසරිලා,standard,ගඟුල් හැලි ඔසරිලා,ගඟුල් හැලි ඔසරිලා,දිය ඇලි නමැති ඔසරිය,කෝට්ටේ යුගය,අවිනිශ්චිතය
145,හ‌ංස සන්දේශය,145,සැදි නිමල් වන සිරි කලා,yes,1,වන සිරි කලා,standard,"සිරි කලා, ශ්‍රීයා කාන්තාව","වන, වනය ",වනය නමැති ශ්‍රීයා කාන්තාව,කෝට්ටේ යුගය,අවිනිශ්චිතය
146,හ‌ංස සන්දේශය,145,ඇඳි දුහුල් ලෙස මනකලා,no,0,,,,,,කෝට්ටේ යුගය,අවිනිශ්චිතය
147,හ‌ංස සන්දේශය,145,දැක විසල් සුදු වැලි තලා,no,0,,,,,,කෝට්ටේ යුගය,අවිනිශ්චිතය
148,හ‌ංස සන්දේශය,161,මිහිඹ මුව මඬල මෙන් දිලෙන හැම විට,yes,1,මිහිඹ,standard,"අඹ, කාන්තාව","මිහි, පොළොව",පොළොව නමැති කාන්තාව,කෝට්ටේ යුගය,අවිනිශ්චිතය
149,හ‌ංස සන්දේශය,161,දුලඹ ඉසුරු පිරි සැදි ඒ වෙහෙර සිට,no,0,,,,,,කෝට්ටේ යුගය,අවිනිශ්චිතය
150,හ‌ංස සන්දේශය,161,කිරඹ පොකුරු මී රස ලැබ බොන ලෙසට,no,0,,,,,,කෝට්ටේ යුගය,අවිනිශ්චිතය
151,හ‌ංස සන්දේශය,161,නරඹ මිතුර තගෙ නෙත සිත සතුටු කොට,no,0,,,,,,කෝට්ටේ යුගය,අවිනිශ්චිතය
152,හ‌ංස සන්දේශය,167,කෙළනා බිඟු රැවින් බුදු මතුරු දපමි න,no,0,,,,,,කෝට්ටේ යුගය,අවිනිශ්චිතය
153,හ‌ංස සන්දේශය,167,සිටිනා තුරු වෙහෙර අතු අතිනි මල් ගෙ න,yes,1,අතු අතිනි,standard,"අතිනි, අත්",අතු,අතු නමැති අත්,කෝට්ටේ යුගය,අවිනිශ්චිතය
154,හ‌ංස සන්දේශය,167,යතිනා යක එහිමි බුදු බව ලබන දි න,no,0,,,,,,කෝට්ටේ යුගය,අවිනිශ්චිතය
155,හ‌ංස සන්දේශය,167,සිටිනා වැනිය පිට දෙන ලෙසට පතමි න,no,0,,,,,,කෝට්ටේ යුගය,අවිනිශ්චිතය
156,හ‌ංස සන්දේශය,169,දුටු සත සිත සතුටු වන ලෙසට නිතියෙ නි,no,0,,,,,,කෝට්ටේ යුගය,අවිනිශ්චිතය
157,හ‌ංස සන්දේශය,169,සත රත එකට සමකර බෙර ඇසක් මෙ නි,no,0,,,,,,කෝට්ටේ යුගය,අවිනිශ්චිතය
158,හ‌ංස සන්දේශය,169,පැහැපත සුද නොහළ වැලි අතුළ මළු තැ නි,no,0,,,,,,කෝට්ටේ යුගය,අවිනිශ්චිතය
159,හ‌ංස සන්දේශය,169,මිහි කත සඳන ලෙළුව් දුන් උර මඬල වැ නි,yes,1,මිහි කත,standard,"කත, කාන්තාව","මිහි, පොළොව",පොළොව නමැති කාන්තාව,කෝට්ටේ යුගය,අවිනිශ්චිතය
160,හ‌ංස සන්දේශය,175,සසරණ පිවිස විඳිනා දුක් ඉමෙක් නැ ති,yes,1,සසරණ,standard,"අණ, සාගරය","සසර, සංසාර",සංසාරය නමැති සාගරය,කෝට්ටේ යුගය,අවිනිශ්චිතය
161,හ‌ංස සන්දේශය,175,තිසරණ පිණිස වඩමින් තම සිතෙයි බැ ති,no,0,,,,,,කෝට්ටේ යුගය,අවිනිශ්චිතය
162,හ‌ංස සන්දේශය,175,දෙසරණ සිරස කැරැ වැඳ ගුරුවරුන් නි ති,no,0,,,,,,කෝට්ටේ යුගය,අවිනිශ්චිතය
163,හ‌ංස සන්දේශය,175,නිසබණ විනිස සමහර සඟගණ අස ති,no,0,,,,,,කෝට්ටේ යුගය,අවිනිශ්චිතය
164,හ‌ංස සන්දේශය,177,සොඳුරු පොරණ ඇදුරොල් නොහැර පිවිතු රු,no,0,,,,,,කෝට්ටේ යුගය,අවිනිශ්චිතය
165,හ‌ංස සන්දේශය,177,විදුරු නැණින් පිරිසිඳ දුරැර මොහඳු රු,yes,1,විදුරු නැණින්,standard,"විදුරු, දියමන්ති","නැණ, නුවණ","වජිර ඥානය, දියමන්ති නුවණ",කෝට්ටේ යුගය,අවිනිශ්චිතය
166,හ‌ංස සන්දේශය,177,මියුරු බසින් සැක හැර දෙසන පිවිතු රු,no,0,,,,,,කෝට්ටේ යුගය,අවිනිශ්චිතය
167,හ‌ංස සන්දේශය,177,ගැඹුරු විජම් පෙත් අසති සමඟ රු,no,0,,,,,,කෝට්ටේ යුගය,අවිනිශ්චිතය
168,හ‌ංස සන්දේශය,183,දද යුත් ගත් පවනින් ලෙල දෙන අඹ ර,no,0,,,,,,කෝට්ටේ යුගය,අවිනිශ්චිතය
169,හ‌ංස සන්දේශය,183,පැහැපත් කොත් කිරණින් දුරු කළ අඳු ර,no,0,,,,,,කෝට්ටේ යුගය,අවිනිශ්චිතය
170,හ‌ංස සන්දේශය,183,දැක නෙත් සිත් තුටු කෙරෙමින් මුනි මැඳු ර,no,0,,,,,,කෝට්ටේ යුගය,අවිනිශ්චිතය
171,හ‌ංස සන්දේශය,183,කුසලත් පත් කර තර සසර සමුදු ර,yes,1,සසර සමුදුර,standard,"සමුදුර, සාගරය","සසර, සංසාර",සංසාරය නමැති සාගරය,කෝට්ටේ යුගය,අවිනිශ්චිතය
172,හ‌ංස සන්දේශය,184,උඳු රුදු කඳ වෙළෙප් සුර සිඳු සේම සුදු,no,0,,,,,,කෝට්ටේ යුගය,අවිනිශ්චිතය
173,හ‌ංස සන්දේශය,184,මුදු දලු නිල් කොළින් විදු ගත කුළෙක බ ඳු,yes,1,සුර සිඳු,standard,"සිඳු, ගංගාව, ගඟ","සුර, ආකාශය, අහස","ආකාශ ගංගාව, අහස් ගඟ",කෝට්ටේ යුගය,අවිනිශ්චිතය
174,හ‌ංස සන්දේශය,184,බුදු නුදු විසින් පුද කළ බැවිනි පරසි දු,no,0,,,,,,කෝට්ටේ යුගය,අවිනිශ්චිතය
175,හ‌ංස සන්දේශය,184,වඳු සිත තොසන් මුනිඳුන් පිටදුන් දුමි ඳු,no,0,,,,,,කෝට්ටේ යුගය,අවිනිශ්චිතය
176,හ‌ංස සන්දේශය,186,දුල් සියපත් පතුල් නිරිඳුන් මුදුන් මල් කළ,yes,1,සියපත් පතුල්,standard,"සියපත්, නෙලුම් මල්","පතුල්, පාද",නෙලුම් මල් පාද,කෝට්ටේ යුගය,අවිනිශ්චිතය
177,හ‌ංස සන්දේශය,186,නුවණින් සියල් විදු දනහට මුදුන් ව න,no,0,,,,,,කෝට්ටේ යුගය,අවිනිශ්චිතය
178,හ‌ංස සන්දේශය,186,තිළිණෙන් සුරබි සුරතුරු රඟ අඳුන් ව න,no,0,,,,,,කෝට්ටේ යුගය,අවිනිශ්චිතය
179,හ‌ංස සන්දේශය,186,නිවරද තමා බස ඇමට ම කළ අමා රස,no,0,,,,,,කෝට්ටේ යුගය,අවිනිශ්චිතය
180,හ‌ංස සන්දේශය,189,වෙසෙසින් සුතුරු අබිදම් ගං වැද සත ත,yes,1,සුතුරු අබිදම් ගං,standard,"ගං, ගංගා","සුතුරු අබිදම්, සූත්‍ර අභිධර්ම",සූත්‍ර අභිධර්ම නමැති ගංගා,කෝට්ටේ යුගය,අවිනිශ්චිතය
181,හ‌ංස සන්දේශය,189,පිරෙමින් පැතිර සිටිනා නොදැක වෙරළ ත,no,0,,,,,,කෝට්ටේ යුගය,අවිනිශ්චිතය
182,හ‌ංස සන්දේශය,189,සැදි නන් නය විනය සමුදුර ගැඹුර ඇ ත,yes,1,විනය සමුදුර,standard,"සමුදුර, සාගරය",විනය,විනය නමැති සාගරය,කෝට්ටේ යුගය,අවිනිශ්චිතය
183,හ‌ංස සන්දේශය,189,ඔහු මින් තිමිංගල මින් නොකෙළි තැන් නැ ත,yes,1,මින් තිමිංගල මින්,standard,"තිමිංගල මින්, තිමිංගල මත්ස්‍යයා, විශාල මත්ස්‍යයා ","මින්, ඥාණය ","ඥාණය නැමැති තිමිංගල මත්ස්‍යයා, ඥාණය නැමැති විශාල මත්ස්‍යයා",කෝට්ටේ යුගය,අවිනිශ්චිතය
184,හ‌ංස සන්දේශය,191,විසඹ සරණ සසුනඹරට රිවි මඬල,yes,2,සසුනඹර,standard,"අඹර, ආකාශය, අහස","සසුන, බුද්ධ ශාසනය",බුද්ධ ශාසනය නමැති ආකාශය,කෝට්ටේ යුගය,අවිනිශ්චිතය
185,හ‌ංස සන්දේශය,191,විසඹ සරණ සසුනඹරට රිවි මඬල,yes,2,රිවි මඬල,standard,"රිවි මඬල, සූර්ය මණ්ඩලය","ඔහු, උන්වහන්සේ","උන්වහන්සේ සූර්ය මණ්ඩලයකි, ඔහු සූර්ය මණ්ඩලයකි",කෝට්ටේ යුගය,අවිනිශ්චිතය
186,හ‌ංස සන්දේශය,191,සත අසරණ ගිම් නිවුමට සඳ මඬල,yes,2,අසරණ ගිම්,standard,"ගිම්, ග්‍රීෂ්මය","අසරණ, අසරණකම",අසරණකම නමැති ග්‍රීෂ්මය,කෝට්ටේ යුගය,අවිනිශ්චිතය
187,හ‌ංස සන්දේශය,191,සත අසරණ ගිම් නිවුමට සඳ මඬල,yes,2,සඳ මඬල,standard,"සඳ මඬල, චන්ද්‍ර මණ්ඩලය","ඔහු, උන්වහන්සේ","උන්වහන්සේ චන්ද්‍ර මණ්ඩලයකි, ඔහු චන්ද්‍ර මණ්ඩලයකි",කෝට්ටේ යුගය,අවිනිශ්චිතය
188,හ‌ංස සන්දේශය,191,නැණලු සරණ ඔහු තෙපලට හිමි මඬල,yes,1,ඔහු තෙපලට හිමි මඬල,standard,"තෙපලට හිමි මඬල, වචනයට ස්වාමි","ඔහු, උන්වහන්සේ","උන්වහන්සේ වචනයට ස්වාමියකි, ඔහු වචනයට ස්වාමියකි",කෝට්ටේ යුගය,අවිනිශ්චිතය
189,හ‌ංස සන්දේශය,191,හැම වියරණ ඔහු නැණ කෙළි කෙළි මඬල,no,0,,,,,,කෝට්ටේ යුගය,අවිනිශ්චිතය
190,හ‌ංස සන්දේශය,193,ඇසට පෙනෙන මිස දිව ඉසිවර කෙනෙ කී,yes,1,ඉසිවර කෙනෙකී,standard,"ඉසිවර කෙනෙකී, දිව්‍ය සෘෂිවරයෙකි","ඔහු, උන්වහන්සේ","උන්වහන්සේ දිව්‍ය සෘෂිවරයෙකි, ඔහු දිව්‍ය සෘෂිවරයෙකි",කෝට්ටේ යුගය,අවිනිශ්චිතය
191,හ‌ංස සන්දේශය,193,බසට ඔහුගෙ ලොව නැත සරිවන රසෙ කී,no,0,,,,,,කෝට්ටේ යුගය,අවිනිශ්චිතය
192,හ‌ංස සන්දේශය,193,දෙසැට දිටුම විමසා නුවණින් නිසැ කි,no,0,,,,,,කෝට්ටේ යුගය,අවිනිශ්චිතය
193,හ‌ංස සන්දේශය,193,දසට පොරණ ඔහු වරදැයි හළ දෙයෙ කි,no,0,,,,,,කෝට්ටේ යුගය,අවිනිශ්චිතය
194,හ‌ංස සන්දේශය,200,පත් සතතහු මෙත් සිතැනහු කිත් කොත හු ,yes,1,කිත් කොතහු,standard,"කොතහු, කොඩිය","කිත්, කීර්තිය",කීර්තිය නමැති කොඩිය,කෝට්ටේ යුගය,අවිනිශ්චිතය
195,හ‌ංස සන්දේශය,200,දෙත් සමතහු ලත් ගත් සැපතහු සත්සිත හු,no,0,,,,,,කෝට්ටේ යුගය,අවිනිශ්චිතය
196,හ‌ංස සන්දේශය,200,ගත් සමතහු සත් සිරිතහු සෙත් පත හු,no,0,,,,,,කෝට්ටේ යුගය,අවිනිශ්චිතය
197,හ‌ංස සන්දේශය,200,නත් සත තහු මුත් කෙවනහු වනත් ඔ හු,no,0,,,,,,කෝට්ටේ යුගය,අවිනිශ්චිතය
198,කව්සිළුමිණ,41,කෝ දෙලෙහොද වැඩි විපක් දලනිදු සිඳුනා ,yes,2,කෝ දෙලෙ,standard,"දෙලෙ, ජලය","කෝ, ක්‍රෝධය ",ක්‍රෝධය නමැති ජලය,දඹදෙණි යුගය,දෙවන පරාක්‍රමබාහු රජු
199,කව්සිළුමිණ,41,කෝ දෙලෙහොද වැඩි විපක් දලනිදු සිඳුනා ,yes,2,විපක් දලනිදු,standard,"දලනිදු, මුහුද","විපක්, සතුරා ",සතුරා නමැති මුහුද,දඹදෙණි යුගය,දෙවන පරාක්‍රමබාහු රජු
200,කව්සිළුමිණ,41,වළබදල කාලබ පෑ පතළ තද තෙදෙ නරවරා,no,0,,,,,,දඹදෙණි යුගය,දෙවන පරාක්‍රමබාහු රජු
201,කව්සිළුමිණ,43,රුපුනඹුවන් මත කෙතැ ඔහු ශතද බිජුනි දුනු ,yes,2,මත කෙතැ,standard,"කෙතැ, කෙත","මත, සිත",සිත නමැති කෙත,දඹදෙණි යුගය,දෙවන පරාක්‍රමබාහු රජු
202,කව්සිළුමිණ,43,රුපුනඹුවන් මත කෙතැ ඔහු ශතද බිජුනි දුනු ,yes,2,ශතද බිජුනි,standard,"බිජුනි, බීජය","ශතද, තේජස ",තේජස නමැති බීජය,දඹදෙණි යුගය,දෙවන පරාක්‍රමබාහු රජු
203,කව්සිළුමිණ,43,සිතිවිලි ලද ලියේ රත් නුවනත දෙපෙති හැඟවී,yes,1,සිතිවිලි ලද ලියේ,standard,"සිතිවිලි, ලපටි වැල",සිතිවිලි,සිතිවිලි නමැති ලපටි වැල,දඹදෙණි යුගය,දෙවන පරාක්‍රමබාහු රජු
204,කව්සිළුමිණ,44,දවත දස මඩුලු මඩිමිනොහු හද තෙදරැස් ,yes,1,තෙදරැස් ,standard,"රැස්, කදම්බය","තෙද, තේජස ",තේජස නමැති කදම්බය,දඹදෙණි යුගය,දෙවන පරාක්‍රමබාහු රජු
205,කව්සිළුමිණ,44,මෙහෙසුරු ගඟ මුහුදු වෙත් සැහැ නො කෙසේ එව් ඇසුරු,no,0,,,,,,දඹදෙණි යුගය,දෙවන පරාක්‍රමබාහු රජු
206,කව්සිළුමිණ,45,මඩුතු එ සත්සර දියඅග තෙදග මඬලෙන් ,yes,1,තෙදග ,standard,"ග, ගිනිධාරාව ","තෙද, තේජස  ",තේජස නමැති ගිනිධාරාව,දඹදෙණි යුගය,දෙවන පරාක්‍රමබාහු රජු
207,කව්සිළුමිණ,45,සුරගඟ සිදසරන් කැන් වුහුටු සනහන්නසිනා,yes,1,සුරගඟ,standard,"ගඟ, ගංගාව","සුර, අහස ",අහස නම් වූ ගංගාව,දඹදෙණි යුගය,දෙවන පරාක්‍රමබාහු රජු
208,කව්සිළුමිණ,48,එ රජහු තද තෙදු දල තඹ වතුරු යතෙයින් ,yes,1,තෙදු දල තඹ වතුරු,standard,"තඹ වතුරු, තඹ පැහැ ජලය","තෙදු දල, තේජස  ",තේජස නමැති තඹ පැහැ ජලය,දඹදෙණි යුගය,දෙවන පරාක්‍රමබාහු රජු
209,කව්සිළුමිණ,48,රිණී රුපුබළ ගහළ මලගල් පයත් ගත් මෙන්,yes,1,රුපුබළ ගහළ,standard,"ගහළ, කුණුකසල","රුපුබළ, සතුරු සේනා",සතුරු සේනා නමැති කුණුකසල,දඹදෙණි යුගය,දෙවන පරාක්‍රමබාහු රජු